filename,guessed_source,title,tags,creator,licence,source_url,date_in_app,date_source
20260802_173811.jpg,phone,20260802_173811,camera,,,,2026-08-02,exif
20260913_230924.jpg,phone,20260913_230924,camera,,,,2026-09-13,exif
289082574.jpg,unknown,289082574,,,,,2023-09-23,synthetic
"5thStreet-Kammanahalli,Bangalore-01.jpg",wikimedia,"5thStreet-Kammanahalli,Bangalore-01",,,,,2024-12-06,synthetic
An_unidentified_green_plant_in_jalingo_(blurry).jpg,wikimedia,An unidentified green plant in jalingo (blurry),,,,,2025-06-08,synthetic
"Ashy_Prinia,_Lalbagh_-_Bangalore.jpg",wikimedia,"Ashy Prinia, Lalbagh - Bangalore",,,,,2025-11-24,synthetic
Bangalore_Shopping_Street.jpg,wikimedia,Bangalore Shopping Street,,,,,2024-12-07,synthetic
BHEL_Bhopal_in_rain.jpg,wikimedia,BHEL Bhopal in rain,,,,,2025-03-09,synthetic
Bhopal [1].jpg,wikimedia,Bhopal,,,,,2024-02-20,exif
Blur_view.jpg,wikimedia,Blur view,,,,,2025-08-07,synthetic
Blurry_picture_a_cat.jpg,wikimedia,Blurry picture a cat,,,,,2024-07-20,synthetic
"Clitoria_ternatea_-_Asian_pigeonwings_in_Bhopal,_India_September_2025.jpg",wikimedia,"Clitoria ternatea - Asian pigeonwings in Bhopal, India September 2025",,,,,2025-06-08,synthetic
"communal tension over performing puja, namaz in bhojshala, Madhya pradesh.png",wikimedia,"communal tension over performing puja, namaz in bhojshala, Madhya pradesh",,,,,2023-06-17,synthetic
Dharmaraya_Swamy_Temple_Bangalore.jpg,wikimedia,Dharmaraya Swamy Temple Bangalore,,,,,2025-03-09,synthetic
Dragonfly_ran-400.jpg,wikimedia,Dragonfly ran-400,,,,,2023-05-07,synthetic
eec0a4eb5a4591035d0a197c52ee0069.jpeg,unknown,eec0a4eb5a4591035d0a197c52ee0069,,,,,2023-12-20,synthetic
"Feral_Pigeon_Columba_livia,_Bangalore,_Karnataka,_India.jpg",wikimedia,"Feral Pigeon Columba livia, Bangalore, Karnataka, India",,,,,2025-11-24,synthetic
Guava_bangalore.jpg,wikimedia,Guava bangalore,,,,,2024-09-04,synthetic
IMG-20260412-WA0000.jpg,phone,IMG-20260412-WA0000,whatsapp,,,,2026-04-12,filename
IMG-20260816-WA0001.jpg,phone,IMG-20260816-WA0001,whatsapp,,,,2026-08-16,filename
IMG-20260831-WA0002.jpg,phone,IMG-20260831-WA0002,whatsapp,,,,2026-08-31,filename
IMG-20260903-WA0000.jpg,phone,IMG-20260903-WA0000,whatsapp,,,,2026-09-03,filename
IMG-20260903-WA0001.jpg,phone,IMG-20260903-WA0001,whatsapp,,,,2026-09-03,filename
IMG-20260907-WA0009.jpg,phone,IMG-20260907-WA0009,whatsapp,,,,2026-09-07,filename
IMG-20260926-WA0000.jpg,phone,IMG-20260926-WA0000,whatsapp,,,,2026-09-26,filename
IMG-20260929-WA0000.jpg,phone,IMG-20260929-WA0000,whatsapp,,,,2026-09-29,filename
Kailash_Nath_Temple_Murugesh_palaya_Bangalore.JPG,wikimedia,Kailash Nath Temple Murugesh palaya Bangalore,,,,,2022-02-05,synthetic
LazuliBunting.jfif,wikimedia,LazuliBunting,,,,,2022-10-09,synthetic
Megalaima_viridis_-Bangalore-6.jpg,wikimedia,Megalaima viridis -Bangalore-6,,,,,2023-05-07,synthetic
MS-001_1_1_1_3_P_0003.jpg,archive.org,MS-001_1_1_1_3_P_0003,scan,,,,2024-05-22,synthetic
MS-001_1_2_3_1_P_0011 (1).jpg,archive.org,MS-001_1_2_3_1_P_0011 (1),scan,,,,2025-05-19,synthetic
MS-001_1_2_3_1_P_0011.jpg,archive.org,MS-001_1_2_3_1_P_0011,scan,,,,2024-05-22,synthetic
MS-001_2_1_10_1_P_0009.jpg,archive.org,MS-001_2_1_10_1_P_0009,scan,,,,2024-11-20,synthetic
Page_250_Bangalore-Story_of_a_City.jpg,wikimedia,Page 250 Bangalore-Story of a City,,,,,2023-06-17,synthetic
photo-15899_27327344081_o.jpg,archive.org,photo-15899_27327344081_o,,,,,2003-08-03,exif
photo-15906_27183305380_o.jpg,archive.org,photo-15906_27183305380_o,,,,,2003-08-03,exif
photo-3578_27080899170_o.jpg,archive.org,photo-3578_27080899170_o,,,,,2004-08-24,exif
photo-3919_27398576885_o.jpg,archive.org,photo-3919_27398576885_o,,,,,2004-08-27,exif
photo-60066_27472238206_o.jpg,archive.org,photo-60066_27472238206_o,,,,,2003-11-16,exif
photo-l200601267149_27300381442_o.jpg,archive.org,photo-l200601267149_27300381442_o,,,,,2023-09-23,synthetic
photo-l200603097719_27300381082_o.jpg,archive.org,photo-l200603097719_27300381082_o,,,,,2006-03-09,exif
photo-wa-0951l_27326652011_o.jpg,archive.org,photo-wa-0951l_27326652011_o,,,,,2010-05-22,exif
photo-wa-1340l_27326649691_o.jpg,archive.org,photo-wa-1340l_27326649691_o,,,,,2010-06-06,exif
photo-wa-3212l_27326648311_o.jpg,archive.org,photo-wa-3212l_27326648311_o,,,,,2010-08-21,exif
photo-wa-3919l_27326647931_o.jpg,archive.org,photo-wa-3919l_27326647931_o,,,,,2010-09-17,exif
photo-wa-7799l_27397810275_o.jpg,archive.org,photo-wa-7799l_27397810275_o,,,,,2010-12-29,exif
"Red_Dahlia_flowers,_216th_flower_show_2024,_Lalbagh,_Bangalore_186.jpg",wikimedia,"Red Dahlia flowers, 216th flower show 2024, Lalbagh, Bangalore 186",,,,,2025-06-07,synthetic
Rose_flower_at_the_Lalbaghgarden_Bangalore.jpg,wikimedia,Rose flower at the Lalbaghgarden Bangalore,,,,,2025-06-08,synthetic
Screenshot_20260711_220359_LinkedIn.jpg,phone,Screenshot_20260711_220359_LinkedIn,screenshot|linkedin,,,,2026-07-11,exif
Screenshot_20260724_160358_LinkedIn.jpg,phone,Screenshot_20260724_160358_LinkedIn,screenshot|linkedin,,,,2026-07-24,exif
Screenshot_20260727_202407_LinkedIn.jpg,phone,Screenshot_20260727_202407_LinkedIn,screenshot|linkedin,,,,2026-07-27,exif
Screenshot_20260729_091305_Samsung Browser.jpg,phone,Screenshot_20260729_091305_Samsung Browser,screenshot|samsung browser,,,,2026-07-29,exif
Screenshot_20260729_143523_LinkedIn.jpg,phone,Screenshot_20260729_143523_LinkedIn,screenshot|linkedin,,,,2026-07-29,exif
Screenshot_20260731_122239_Samsung Browser.jpg,phone,Screenshot_20260731_122239_Samsung Browser,screenshot|samsung browser,,,,2026-07-31,exif
Screenshot_20260805_111942_LinkedIn.jpg,phone,Screenshot_20260805_111942_LinkedIn,screenshot|linkedin,,,,2026-08-05,exif
Screenshot_20260805_112356_LinkedIn.jpg,phone,Screenshot_20260805_112356_LinkedIn,screenshot|linkedin,,,,2026-08-05,exif
Screenshot_20260805_173435_LinkedIn.jpg,phone,Screenshot_20260805_173435_LinkedIn,screenshot|linkedin,,,,2026-08-05,exif
Screenshot_20260809_174254_LinkedIn.jpg,phone,Screenshot_20260809_174254_LinkedIn,screenshot|linkedin,,,,2026-08-09,exif
Screenshot_20260823_210848_Instagram.jpg,phone,Screenshot_20260823_210848_Instagram,screenshot|instagram,,,,2026-08-23,exif
Screenshot_20260823_221732_LinkedIn.jpg,phone,Screenshot_20260823_221732_LinkedIn,screenshot|linkedin,,,,2026-08-23,exif
Screenshot_20260823_221743_LinkedIn.jpg,phone,Screenshot_20260823_221743_LinkedIn,screenshot|linkedin,,,,2026-08-23,exif
Screenshot_20260901_122103_LinkedIn.jpg,phone,Screenshot_20260901_122103_LinkedIn,screenshot|linkedin,,,,2026-09-01,exif
Screenshot_20260901_122115_LinkedIn.jpg,phone,Screenshot_20260901_122115_LinkedIn,screenshot|linkedin,,,,2026-09-01,exif
Screenshot_20260901_161203_LinkedIn.jpg,phone,Screenshot_20260901_161203_LinkedIn,screenshot|linkedin,,,,2026-09-01,exif
Screenshot_20260903_162125_LinkedIn.jpg,phone,Screenshot_20260903_162125_LinkedIn,screenshot|linkedin,,,,2026-09-03,exif
Screenshot_20260904_154151_LinkedIn.jpg,phone,Screenshot_20260904_154151_LinkedIn,screenshot|linkedin,,,,2026-09-04,exif
Screenshot_20260909_154526_LinkedIn.jpg,phone,Screenshot_20260909_154526_LinkedIn,screenshot|linkedin,,,,2026-09-09,exif
Screenshot_20260909_155512_LinkedIn.jpg,phone,Screenshot_20260909_155512_LinkedIn,screenshot|linkedin,,,,2026-09-09,exif
Screenshot_20260909_165050_LinkedIn.jpg,phone,Screenshot_20260909_165050_LinkedIn,screenshot|linkedin,,,,2026-09-09,exif
Screenshot_20260909_165701_LinkedIn.jpg,phone,Screenshot_20260909_165701_LinkedIn,screenshot|linkedin,,,,2026-09-09,exif
Screenshot_20260911_151008_LinkedIn.jpg,phone,Screenshot_20260911_151008_LinkedIn,screenshot|linkedin,,,,2026-09-11,exif
Screenshot_20260911_151516_LinkedIn.jpg,phone,Screenshot_20260911_151516_LinkedIn,screenshot|linkedin,,,,2026-09-11,exif
Screenshot_20260911_154011_LinkedIn.jpg,phone,Screenshot_20260911_154011_LinkedIn,screenshot|linkedin,,,,2026-09-11,exif
Screenshot_20260911_154041_LinkedIn.jpg,phone,Screenshot_20260911_154041_LinkedIn,screenshot|linkedin,,,,2026-09-11,exif
Screenshot_20260911_154111_LinkedIn.jpg,phone,Screenshot_20260911_154111_LinkedIn,screenshot|linkedin,,,,2026-09-11,exif
Screenshot_20260911_154945_LinkedIn.jpg,phone,Screenshot_20260911_154945_LinkedIn,screenshot|linkedin,,,,2026-09-11,exif
Screenshot_20260914_221017_LinkedIn.jpg,phone,Screenshot_20260914_221017_LinkedIn,screenshot|linkedin,,,,2026-09-14,exif
Screenshot_20260917_102225_Instagram.jpg,phone,Screenshot_20260917_102225_Instagram,screenshot|instagram,,,,2026-09-17,exif
Screenshot_20260920_211748_Samsung Browser.jpg,phone,Screenshot_20260920_211748_Samsung Browser,screenshot|samsung browser,,,,2026-09-20,exif
Screenshot_20261001_191057_LinkedIn.jpg,phone,Screenshot_20261001_191057_LinkedIn,screenshot|linkedin,,,,2026-10-01,exif
Screenshot_20261003_001203_Instagram.jpg,phone,Screenshot_20261003_001203_Instagram,screenshot|instagram,,,,2026-10-03,exif
Screenshot_4-10-2026_141236_www.instagram.com.jpeg,instagram,Screenshot_4-10-2026_141236_www.instagram.com,screenshot|instagram,,,,2026-10-04,filename
Screenshot_4-10-2026_14131_www.instagram.com.jpeg,instagram,Screenshot_4-10-2026_14131_www.instagram.com,screenshot|instagram,,,,2026-10-04,filename
Screenshot_4-10-2026_141334_www.instagram.com.jpeg,instagram,Screenshot_4-10-2026_141334_www.instagram.com,screenshot|instagram,,,,2026-10-04,filename
Screenshot_4-10-2026_141420_www.instagram.com.jpeg,instagram,Screenshot_4-10-2026_141420_www.instagram.com,screenshot|instagram,,,,2026-10-04,filename
Screenshot_4-10-2026_141445_www.instagram.com.jpeg,instagram,Screenshot_4-10-2026_141445_www.instagram.com,screenshot|instagram,,,,2026-10-04,filename
Screenshot_4-10-2026_14147_www.instagram.com.jpeg,instagram,Screenshot_4-10-2026_14147_www.instagram.com,screenshot|instagram,,,,2026-10-04,filename
Screenshot_4-10-2026_141533_www.instagram.com.jpeg,instagram,Screenshot_4-10-2026_141533_www.instagram.com,screenshot|instagram,,,,2026-10-04,filename
Screenshot_4-10-2026_141552_www.instagram.com.jpeg,instagram,Screenshot_4-10-2026_141552_www.instagram.com,screenshot|instagram,,,,2026-10-04,filename
Screenshot_4-10-2026_141616_www.instagram.com.jpeg,instagram,Screenshot_4-10-2026_141616_www.instagram.com,screenshot|instagram,,,,2026-10-04,filename
Screenshot_4-10-2026_141756_www.instagram.com.jpeg,instagram,Screenshot_4-10-2026_141756_www.instagram.com,screenshot|instagram,,,,2026-10-04,filename
Screenshot_4-10-2026_14189_www.instagram.com.jpeg,instagram,Screenshot_4-10-2026_14189_www.instagram.com,screenshot|instagram,,,,2026-10-04,filename
Siddha_cave_09.jpg,wikimedia,Siddha cave 09,,,,,2025-07-10,synthetic
Siddha_cave_10.jpg,wikimedia,Siddha cave 10,,,,,2024-12-14,synthetic
Tribal_Museum_Bhopal_01.jpg,wikimedia,Tribal Museum Bhopal 01,,,,,2024-09-04,synthetic
Tribal_Museum_Bhopal_05.jpg,wikimedia,Tribal Museum Bhopal 05,,,,,2023-05-14,synthetic
Tribal_Museum_Bhopal_07 (1).jpg,wikimedia,Tribal Museum Bhopal 07,,,,,2023-12-27,synthetic
Tribal_Museum_Bhopal_07.jpg,wikimedia,Tribal Museum Bhopal 07,,,,,2023-12-27,synthetic
Tribal_Museum_Bhopal_09.jpg,wikimedia,Tribal Museum Bhopal 09,,,,,2023-12-20,synthetic
UB_City_Bangalore.JPG,wikimedia,UB City Bangalore,,,,,2025-09-25,synthetic
